0.ogg	Звук включения.
1.ogg	Ожидание настройки сети.
2.ogg	Не удалось подключиться к сети Wi-Fi. Проверьте пароль и попробуйте позже.
3.ogg	Не удалось подключиться к серверу. Проверьте локальную сеть и попробуйте позже.
4.ogg	Робот вышел из режима настройки сети.
5.ogg	Сеть подключена.
6.ogg	Не удалось подключиться к сети. Попробуйте позже.
7.ogg	Начинаю уборку.
8.ogg	Начинаю точечную уборку.
9.ogg	Начинаю уборку по расписанию.
10.ogg	Возобновляю уборку.
11.ogg	Пауза.
12.ogg	Уборка завершена.
13.ogg	Возвращаюсь на базу для зарядки.
14.ogg	Низкий заряд. Возвращаюсь на базу для зарядки. После зарядки продолжу работу.
15.ogg	Сейчас вернусь в исходную точку.
16.ogg	Низкий заряд. Сейчас вернусь в исходную точку. Пожалуйста, зарядите меня.
17.ogg	Пожалуйста, перенесите робота на базу для зарядки.
18.ogg	Заряжаюсь.
19.ogg	Перед выключением снимите робота с базы.
20.ogg	Низкий заряд.
21.ogg	Низкий заряд. Робот выключится.
22.ogg	Пожалуйста, перенесите робота в зону, которую нужно убрать.
23.ogg	Бак для воды установлен.
24.ogg	Проверьте, правильно ли установлен бак для воды.
25.ogg	Низкий заряд. Невозможно выполнить уборку по расписанию.
26.ogg	Восстанавливаю заводские настройки.
27.ogg	Идёт обновление. Это займёт около пяти минут. Не выключайте устройство и не запускайте уборку.
28.ogg	Обновление выполнено.
29.ogg	Обновление не удалось. Повторите попытку.
30.ogg	Определяю местоположение. Подождите.
31.ogg	Не удалось определить местоположение. Карта недействительна. Робот начнёт новую уборку.
32.ogg	Обнаружены изменения в обстановке. Нажмите кнопку и запустите новый цикл уборки.
33.ogg	Ошибка датчика визуальной навигации. Протрите его и перезапустите.
34.ogg	Контейнер для пыли не установлен. Установите его.
35.ogg	Ошибка основной щётки. Проверьте и очистите её.
36.ogg	Ошибка боковой щётки. Проверьте и очистите её.
37.ogg	Ошибка правого колеса. Проверьте и очистите его.
38.ogg	Ошибка левого колеса. Проверьте и очистите его.
39.ogg	Пожалуйста, очистите датчик перепада высоты.
40.ogg	Робот застрял. Переместите его на другое место и перезапустите.
41.ogg	Колёса робота оторваны от пола. Поставьте робота обратно на пол.
42.ogg	Проверьте и очистите фильтр.
43.ogg	Ошибка бампера. Слегка нажмите на него и проверьте, возвращается ли он.
44.ogg	Ошибка. Проверьте руководство пользователя или обратитесь в службу поддержки.
45.ogg	Я здесь.
46.ogg	Робот и телефон подключены. Вернитесь в приложение и дождитесь результата.
47.ogg	Начинаю зарядку.
48.ogg	Низкий заряд. Возвращаюсь на базу.
49.ogg	Обнаружено сильное магнитное поле. Уберите робота и перезапустите.
50.ogg	Ошибка зарядки. Очистите контакты зарядки.
51.ogg	Аккумулятор перегрелся или переохладился. Подождите, пока температура нормализуется, затем продолжайте пользоваться.
52.ogg	Робот наклонён. Поставьте его на ровную поверхность и перезапустите.
53.ogg	Обнаружена виртуальная запретная зона. Уберите робота и перезапустите.
54.ogg	Местоположение определено. Возобновляю уборку.
55.ogg	Местоположение определено. Возобновляю возвращение на базу.
56.ogg	Начинаю уборку выбранной комнаты.
57.ogg	Начинаю уборку по зонам.
58.ogg	Продолжаю уборку.
59.ogg	Мытьё пола завершено. Снимите бак для воды вовремя.
60.ogg	Ошибка датчика оптического потока. Протрите датчик и перезапустите.
61.ogg	Начинаю мытьё пола.
62.ogg	Начинаю уборку в режиме дистанционного управления.
63.ogg	Бак для воды снят.
64.ogg	Не удалось определить местоположение. Карта недействительна. Робот вернётся на базу.
65.ogg	Возобновляю возвращение на базу.
66.ogg	Фильтр изношен. Замените его вовремя.
67.ogg	Боковая щётка изношена. Замените её вовремя.
68.ogg	Основная щётка изношена. Замените её вовремя.
69.ogg	Путь уборки заблокирован. Переместите робота и перезапустите.
70.ogg	Снимите и очистите моющую салфетку.
71.ogg	Ошибка лазерного датчика. Проверьте и очистите его.
72.ogg	Проверьте, не заклинила ли крышка лазерного датчика расстояния.
73.ogg	Ошибка датчика края. Проверьте и очистите его.
74.ogg	Пожалуйста, очистите датчики препятствий.
75.ogg	Фильтр может быть влажным или засорённым.
76.ogg	Начинается точечная уборка.
77.ogg	Запускайте робота на участке без ковра.
78.ogg	Очистите 3D-датчик обхода препятствий.
79.ogg	Ошибка 3D-датчика обхода препятствий. Перезапустите робота или обратитесь в поддержку.
80.ogg	Неисправен передатчик 3D-датчика обхода препятствий. Перезапустите робота или обратитесь в сервис.
81.ogg	Ошибка ультразвукового датчика. Перезапустите робота или обратитесь в поддержку.
82.ogg	Начинаю построение карты.
83.ogg	Продолжаю построение карты.
84.ogg	Построение карты завершено.
85.ogg	Местоположение определено. Продолжаю построение карты.
86.ogg	Не удалось определить местоположение. Перезапускаю построение карты.
87.ogg	Низкий заряд. Возвращаюсь на базу.
88.ogg	Вхожу в режим дистанционного управления.
89.ogg	Возобновляю зарядку.
90.ogg	Продолжаю уборку.
91.ogg	Бак с чистой водой не установлен. Установите его, прежде чем робот продолжит работу.
92.ogg	Бак для грязной воды не установлен. Установите его, прежде чем робот продолжит работу.
93.ogg	В баке с чистой водой недостаточно воды. Долейте воду, прежде чем робот продолжит работу.
94.ogg	Бак для грязной воды заполнен. Слейте грязную воду, прежде чем робот продолжит работу.
95.ogg	Поддон для промывки салфетки не установлен. Робот не может вернуться на базу.
96.ogg	Поддон для промывки салфетки переполнен. Проверьте, не заблокирован ли слив.
97.ogg	Мешок для сбора пыли не установлен. Установите его, прежде чем робот продолжит работу.
98.ogg	Мешок для сбора пыли заполнен. Очистите его.
99.ogg	Верхняя крышка отсека зарядки и сбора пыли не закрыта. Закройте её, прежде чем робот продолжит работу.
100.ogg	Воздуховод отсека зарядки и сбора пыли заблокирован. Проверьте его.
101.ogg	Верхняя крышка базы автоочистки не закрыта или мешок не установлен. Закройте крышку или установите мешок.
102.ogg	Мешок заполнен или воздуховод заблокирован. Замените мешок или вовремя очистите воздуховод.
103.ogg	Поддон для промывки салфетки установлен. Робот возобновляет работу.
104.ogg	Поддон для промывки салфетки не установлен. Убедитесь, что он установлен и защёлки по бокам плотно застёгнуты.
105.ogg	Начинаю уборку.
106.ogg	Начинаю очистку салфетки.
107.ogg	Начинаю отжим салфетки.
108.ogg	Уровень воды в поддоне для промывки салфетки ненормальный. Очистите его вовремя, чтобы избежать засора.
109.ogg	Неисправность бака для грязной воды. Убедитесь, что бак установлен, и своевременно сливайте грязную воду.
110.ogg	Запускаю автоочистку контейнера.
111.ogg	Моющие салфетки сняты. Установите их, прежде чем продолжить работу.
112.ogg	Перед использованием поставьте робота на базу самоочистки.
113.ogg	Задание выполнено. Своевременно очистите контейнер для мусора.
114.ogg	Моющие салфетки установлены.
115.ogg	Моющие салфетки сняты.
116.ogg	Детский замок включён. Кнопки заблокированы.
117.ogg	Детский замок выключен. Кнопки разблокированы.
118.ogg	Кнопки заблокированы. Нажмите и удерживайте кнопку «База», чтобы разблокировать.
119.ogg	Кнопки заблокированы.
120.ogg	Кнопки разблокированы.
121.ogg	Робот и телефон подключены. Вернитесь в приложение Fantic и дождитесь завершения подключения к сети.
122.ogg	Непрерывное позиционирование. Подождите.
126.ogg	Начинаю уборку.
127.ogg	Начинаю точечную уборку.
128.ogg	Начинаю точечное мытьё пола.
129.ogg	Начинаю уборку по расписанию.
130.ogg	Начинаю мытьё пола по расписанию.
131.ogg	Начинаю точечную уборку.
132.ogg	Начинаю точечное мытьё пола.
133.ogg	Начинаю уборку выбранной комнаты.
134.ogg	Начинаю мытьё пола в выбранной комнате.
135.ogg	Начинаю уборку по зонам.
136.ogg	Начинаю мытьё пола по зонам.
137.ogg	Возобновляю уборку.
138.ogg	Возобновляю мытьё пола.
139.ogg	Возобновляю возвращение на базу для самоочистки.
140.ogg	Обнаружена новая обстановка. Возвращаюсь на базу самоочистки.
141.ogg	Ошибка моющей салфетки. Проверьте и очистите её.
142.ogg	Моющая салфетка изношена. Замените её вовремя.
143.ogg	Уборка завершена.
144.ogg	Мытьё пола завершено.
145.ogg	Позиционирование успешно. Возобновляю уборку.
146.ogg	Позиционирование успешно. Возобновляю мытьё пола.
148.ogg	Возвращаюсь на базу для самоочистки.
149.ogg	Не могу добраться до указанной зоны. Уберите препятствия на пути.
150.ogg	Не могу добраться до указанной зоны. Удалите запретные зоны на пути.
151.ogg	Путь заблокирован. Уберите препятствия вокруг робота.
152.ogg	Путь заблокирован. Удалите запретные зоны или переместите робота из этой области.
153.ogg	Робот находится в запретной зоне. Переместите его из этой области.
154.ogg	Слишком частые операции. Попробуйте позже.
155.ogg	Начинаю возвращение на базу зарядки и мойки салфетки.
156.ogg	Лоток для салфетки снят.
157.ogg	Я уже на базе зарядки и мойки салфетки.
162.ogg	Камера включена.
163.ogg	Ведётся наблюдение камерой.
164.ogg	Задача завершена.
166.ogg	Удалите посторонние предметы, запутавшиеся в салфетке.
169.ogg	Сушка салфетки завершена.
170.ogg	Все кнопки заблокированы. Нажмите и удерживайте кнопки на базовой станции, чтобы разблокировать.
171.ogg	Функция распознавания ИИ включена.
172.ogg	Функция распознавания ИИ выключена.
173.ogg	Замените стерилизатор с серебряными ионами.
177.ogg	Покидаю базовую станцию.
179.ogg	Салфетка очищена. В баке с чистой водой недостаточно воды. Заполните бак с чистой водой и опорожните бак с использованной водой.
181.ogg	Недостаточно воды. Заполните бак с чистой водой.
186.ogg	Проверьте бак с чистой водой.
187.ogg	Это займёт примерно от пяти до десяти минут.
188.ogg	Автоматическая стыковка включена.
200.ogg	Звук выключения.
244.ogg	Флакон с моющим средством установлен.
257.ogg	Режим наблюдения камерой завершён.
258.ogg	Позиционирование выполнено. Патрулирование начато.
259.ogg	Позиционирование выполнено. Следую к указанной точке.
260.ogg	Позиционирование выполнено. Патрулирование возобновлено.
261.ogg	Позиционирование выполнено. Возобновляю движение к указанной точке.
262.ogg	Не удалось выполнить позиционирование.
263.ogg	Удалите посторонние предметы, запутавшиеся в основной щётке. Переместите робота и запустите снова.
264.ogg	Задача завершена. Очистите контейнер для пыли и поддон для промывки.
266.ogg	Замените моющее средство.
267.ogg	Очистите датчики.
274.ogg	Звук «динь».
280.ogg	Начинаю пользовательскую уборку.
281.ogg	Робот выполняет автоочистку контейнера. Попробуйте позже.
282.ogg	Робот очищает моющую салфетку. Попробуйте позже.
283.ogg	Робот не на базовой станции. Попробуйте позже.
293.ogg	Звонки включены.
294.ogg	Звонки отключены.
